{
  "Ticker": "TSLA",
  "RMSE": 74.41203308105469,
  "MAE": 71.83961486816406,
  "U2": 5.138506435948152,
  "DA_epsilon": 0.4583333333333333,
  "Coverage": 0.9863013698630136,
  "n": 146,
  "n_da": 144,
  "Sharpe_0bps": -3.0463145789716,
  "Sharpe_10bps": -3.0463145789716,
  "MaxDD_0bps": 0.8834867941146047,
  "MaxDD_10bps": 0.8834867941146047,
  "Turnover": 0
}