{
  "RMSE": 3.543113852711436,
  "MAE": 2.838073364675861,
  "U2": 1.180321563014557,
  "DA_epsilon": 0.55,
  "Coverage": 0.958904109589041,
  "n": 146,
  "Sharpe_0bps": 0.12735141116703116,
  "Sharpe_10bps": 0.11604973352892756,
  "MaxDD_0bps": 0.15826869345572614,
  "MaxDD_10bps": 0.1691031307835732,
  "Turnover": 45,
  "ResidualMean": -1.009044647216796,
  "ResidualMeanAbs": 2.838073364675861,
  "ResidualStd": 3.408084467836812,
  "trading_rule": "pure_sign",
  "tie_policy": "zero",
  "return_type": "pct",
  "epsilon_DA": 0.001,
  "cost_bps": [
    0,
    10
  ]
}