{
  "RMSE": 3.4779103626176453,
  "MAE": 2.6869637476254815,
  "U2": 1.3864183928466156,
  "DA_epsilon": 0.5895522388059702,
  "Coverage": 0.9178082191780822,
  "n": 146,
  "Sharpe_0bps": 0.18320747796044068,
  "Sharpe_10bps": 0.16568453313318693,
  "MaxDD_0bps": 0.12986262090259681,
  "MaxDD_10bps": 0.1324916524434011,
  "Turnover": 49,
  "ResidualMean": 0.6491327155126282,
  "ResidualMeanAbs": 2.6869637476254815,
  "ResidualStd": 3.428556680724053,
  "trading_rule": "pure_sign",
  "tie_policy": "zero",
  "return_type": "pct",
  "epsilon_DA": 0.001,
  "cost_bps": [
    0,
    10
  ]
}