{
  "RMSE": 4.5459858070634125,
  "MAE": 2.6033721057172508,
  "U2": 1.510568086360501,
  "DA_epsilon": 0.4785714285714286,
  "epsilon": 0.001,
  "Coverage": 0.9794520547945206,
  "Coverage_95": 0.9794520547945206,
  "Coverage_80": 0.9383561643835616,
  "PICP_95": 0.9794520547945206,
  "MPIW_95": 17.781699261532115,
  "MPIW_80": 11.626828200114833,
  "n": 146,
  "Turnover": 88,
  "Sharpe_0bps": -0.969003642925774,
  "Sharpe_10bps": -1.45066346173222,
  "MaxDD_0bps": 0.3454114519946424,
  "MaxDD_10bps": 0.3836121910165111
}