{
  "Ticker": "AMD",
  "RMSE": 41.680503845214844,
  "MAE": 33.52485275268555,
  "U2": 9.67158643911843,
  "DA_epsilon": 0.46099290780141844,
  "Coverage": 0.9657534246575342,
  "n": 146,
  "n_da": 141,
  "Sharpe_0bps": -0.17045232734601698,
  "Sharpe_10bps": -0.1761735802555113,
  "MaxDD_0bps": 0.5480190544798014,
  "MaxDD_10bps": 0.5484834802825855,
  "Turnover": 2
}