{
  "RMSE": 22.229602234882922,
  "MAE": 18.365842949854187,
  "U2": 2.973528185895313,
  "DA_epsilon": 0.5460992907801419,
  "Coverage": 1.0,
  "n": 146,
  "Sharpe_0bps": 0.06346884439786589,
  "MaxDD_0bps": 0.26217203009334233,
  "Sharpe_10bps": 0.06035562617858467,
  "MaxDD_10bps": 0.26217203009334233,
  "Turnover": 14
}