{
  "RMSE": 9.672401816036459,
  "MAE": 7.3687614022868955,
  "U2": 3.2250688310049425,
  "DA_epsilon": 0.4892086330935252,
  "Coverage": 1.0,
  "n": 146,
  "Sharpe_0bps": 0.07122659263065083,
  "MaxDD_0bps": 0.23018408571875537,
  "Sharpe_10bps": 0.06479066845212426,
  "MaxDD_10bps": 0.23718408571875538,
  "Turnover": 25
}