{
  "RMSE": 11.0356845374995,
  "MAE": 6.924320551863271,
  "U2": 1.4711170179773172,
  "DA_epsilon": 0.528169014084507,
  "epsilon": 0.001,
  "Coverage": 0.9657534246575342,
  "Coverage_95": 0.9657534246575342,
  "Coverage_80": 0.910958904109589,
  "PICP_95": 0.9657534246575342,
  "MPIW_95": 43.4053311732647,
  "MPIW_80": 28.381220551424082,
  "n": 146,
  "Turnover": 94,
  "Sharpe_0bps": -0.05912504205716483,
  "Sharpe_10bps": -0.40946487878735477,
  "MaxDD_0bps": 0.3041976594128132,
  "MaxDD_10bps": 0.3227849704208101
}