{
  "RMSE": 11.465287358395333,
  "MAE": 8.556646529942343,
  "U2": 4.582739167350801,
  "DA_epsilon": 0.47368421052631576,
  "Coverage": 1.0,
  "n": 146,
  "Sharpe_0bps": -0.05083762883235492,
  "MaxDD_0bps": 0.34248485195423795,
  "Sharpe_10bps": -0.05590383874415861,
  "MaxDD_10bps": 0.34748485195423795,
  "Turnover": 14
}