{
  "RMSE": 4.990368667443652,
  "MAE": 3.8073023184668893,
  "U2": 1.0702266032368484,
  "DA_epsilon": 0.47183098591549294,
  "epsilon": 0.001,
  "Coverage": 0.958904109589041,
  "Coverage_95": 0.958904109589041,
  "Coverage_80": 0.821917808219178,
  "PICP_95": 0.958904109589041,
  "MPIW_95": 19.613893632128573,
  "MPIW_80": 12.824835705630793,
  "n": 146,
  "Turnover": 113,
  "Sharpe_0bps": -1.6787755372625381,
  "Sharpe_10bps": -2.745244961277902,
  "MaxDD_0bps": 0.27114678120744207,
  "MaxDD_10bps": 0.33007765853667426
}