{
  "RMSE": 2.4039926332283916,
  "MAE": 1.8688054751768106,
  "U2": 1.1264662937786456,
  "DA_epsilon": 0.45985401459854014,
  "epsilon": 0.001,
  "Coverage": 0.958904109589041,
  "Coverage_95": 0.958904109589041,
  "Coverage_80": 0.821917808219178,
  "PICP_95": 0.958904109589041,
  "MPIW_95": 9.454110509324723,
  "MPIW_80": 6.181710592452534,
  "n": 146,
  "Turnover": 84,
  "Sharpe_0bps": 0.08883026088593987,
  "Sharpe_10bps": -0.8164199799883366,
  "MaxDD_0bps": 0.13099760123527504,
  "MaxDD_10bps": 0.1575906379986035
}