{
  "RMSE": 4.647704562411717,
  "MAE": 3.652718798244651,
  "U2": 0.998754918195679,
  "DA_epsilon": 0.5774647887323944,
  "Coverage": 0.9726027397260274,
  "n": 146,
  "Sharpe_0bps": 0.0,
  "MaxDD_0bps": 0.0,
  "Sharpe_10bps": 0.0,
  "MaxDD_10bps": 0.0,
  "best_epoch": 2
}