{
  "RMSE": 12.93746726390759,
  "MAE": 11.404602468830266,
  "U2": 6.111072699614944,
  "DA_epsilon": 0.47058823529411764,
  "Coverage": 0.9315068493150684,
  "n": 146,
  "n_da": 136,
  "Sharpe_0bps": -0.8710119220834199,
  "Sharpe_10bps": -0.9542863171338931,
  "MaxDD_0bps": 0.163381833275571,
  "MaxDD_10bps": 0.16882176080663835,
  "Turnover": 5
}