{
  "RMSE": 16.50565940639285,
  "MAE": 13.098580138324055,
  "U2": 2.2078687217659856,
  "DA_epsilon": 0.46808510638297873,
  "Coverage": 0.9657534246575342,
  "n": 146,
  "n_da": 141,
  "Sharpe_0bps": -0.22056669843078958,
  "Sharpe_10bps": -0.4048144650137036,
  "MaxDD_0bps": 0.4382297530210202,
  "MaxDD_10bps": 0.4481826487063588,
  "Turnover": 26
}