{
  "RMSE": 3.020771945818607,
  "MAE": 2.2674664221961396,
  "U2": 1.0063132072006629,
  "DA_epsilon": 0.48201438848920863,
  "Coverage": 0.9657534246575342,
  "n": 146,
  "Sharpe_0bps": -0.11888428313577964,
  "Sharpe_10bps": -0.13710951155503662,
  "MaxDD_0bps": 0.49844481206382785,
  "MaxDD_10bps": 0.533568600840584,
  "Turnover": 62,
  "model_id": "ARIMA",
  "ticker": "AMD"
}