{
  "RMSE": 13.331926409961378,
  "MAE": 10.439986555543667,
  "U2": 2.8762881953169392,
  "DA_epsilon": 0.5106382978723404,
  "Coverage": 0.9657534246575342,
  "n": 146,
  "n_da": 141,
  "Sharpe_0bps": 1.0532299958620508,
  "Sharpe_10bps": 0.7127514904601667,
  "MaxDD_0bps": 0.12153545014206535,
  "MaxDD_10bps": 0.12329655600262657,
  "Turnover": 22
}