{
  "RMSE": 3.0177741182170643,
  "MAE": 2.283312183536895,
  "U2": 1.005314537469067,
  "DA_epsilon": 0.5428571428571428,
  "Coverage": 0.958904109589041,
  "n": 146,
  "Sharpe_0bps": 0.10701575416752253,
  "Sharpe_10bps": 0.10000144066113141,
  "MaxDD_0bps": 0.26960411718332167,
  "MaxDD_10bps": 0.2754602635732054,
  "Turnover": 28,
  "ResidualMean": -0.50932578517966,
  "ResidualMeanAbs": 2.283312183536895,
  "ResidualStd": 2.9847220045878218,
  "trading_rule": "pure_sign",
  "tie_policy": "zero",
  "return_type": "pct",
  "epsilon_DA": 0.001,
  "cost_bps": [
    0,
    10
  ]
}