{
  "RMSE": 27.250935325473435,
  "MAE": 21.5578232856646,
  "U2": 5.879236141705623,
  "DA_epsilon": 0.4397163120567376,
  "Coverage": 1.0,
  "n": 146,
  "Sharpe_0bps": -0.04274003564372189,
  "MaxDD_0bps": 0.20381715328401728,
  "Sharpe_10bps": -0.04630057920649071,
  "MaxDD_10bps": 0.20381715328401728,
  "Turnover": 7
}