{
  "RMSE": 2.5094820976254937,
  "MAE": 1.8628476884087217,
  "U2": 1.0003685471780477,
  "DA_epsilon": 0.5263157894736842,
  "Coverage": 0.9794520547945206,
  "n": 146,
  "Sharpe_0bps": -0.143256463470582,
  "Sharpe_10bps": -0.17155777501492536,
  "MaxDD_0bps": 0.3657428449533042,
  "MaxDD_10bps": 0.41178337070995186,
  "Turnover": 95,
  "model_id": "ARIMA",
  "ticker": "AMZN"
}