{
  "RMSE": 7.493600263013329,
  "MAE": 5.712794733945039,
  "U2": 1.0003923031298017,
  "DA_epsilon": 0.48226950354609927,
  "Coverage": 0.9794520547945206,
  "n": 146,
  "Sharpe_0bps": 0.05028211330896933,
  "Sharpe_10bps": 0.035750975939949706,
  "MaxDD_0bps": 0.29956567926245437,
  "MaxDD_10bps": 0.31643228044472294,
  "Turnover": 76,
  "model_id": "ARIMA",
  "ticker": "TSLA"
}