{
  "RMSE": 7.510330944809901,
  "MAE": 5.654922875486413,
  "U2": 1.002625841710451,
  "DA_epsilon": 0.4788732394366197,
  "Coverage": 0.9726027397260274,
  "n": 146,
  "Sharpe_0bps": -1.326295983635591,
  "MaxDD_0bps": 0.3002277637879779,
  "Sharpe_10bps": -1.369946926526359,
  "MaxDD_10bps": 0.3030278390268314,
  "best_epoch": 13
}