{
  "RMSE": 5.392158286699434,
  "MAE": 4.418999240822992,
  "U2": 1.1587321302832794,
  "DA_epsilon": 0.5,
  "Coverage": 0.9726027397260274,
  "n": 146,
  "Sharpe_0bps": 0.06260566535357287,
  "Sharpe_10bps": 0.03949360336462006,
  "MaxDD_0bps": 0.09821665490607812,
  "MaxDD_10bps": 0.0991243396312057,
  "Turnover": 46,
  "ResidualMean": 1.324091245050302,
  "ResidualMeanAbs": 4.418999240822992,
  "ResidualStd": 5.245053098633934,
  "trading_rule": "pure_sign",
  "tie_policy": "zero",
  "return_type": "pct",
  "epsilon_DA": 0.001,
  "cost_bps": [
    0,
    10
  ]
}