{
  "RMSE": 2.1434789979240345,
  "MAE": 1.632986450727318,
  "U2": 1.0065752265565104,
  "DA_epsilon": 0.5328467153284672,
  "Coverage": 0.9383561643835616,
  "n": 146,
  "Sharpe_0bps": -1.1925141354080666,
  "MaxDD_0bps": 0.10428983055184182,
  "Sharpe_10bps": -1.2655616584476457,
  "MaxDD_10bps": 0.10608419772883582,
  "best_epoch": 2
}