{
  "RMSE": 14.460113414044299,
  "MAE": 13.037388318205531,
  "U2": 6.8303016746116905,
  "DA_epsilon": 0.45588235294117646,
  "Coverage": 1.0,
  "n": 146,
  "Sharpe_0bps": -0.04281186597698487,
  "MaxDD_0bps": 0.17338766807767358,
  "Sharpe_10bps": -0.04342512508657283,
  "MaxDD_10bps": 0.17338766807767358,
  "Turnover": 1
}