{
  "Ticker": "AAPL",
  "RMSE": 26.52375030517578,
  "MAE": 24.684045791625977,
  "U2": 6.923155234719662,
  "DA_epsilon": 0.46153846153846156,
  "Coverage": 0.9794520547945206,
  "n": 146,
  "n_da": 143,
  "Sharpe_0bps": -2.2662089736824336,
  "Sharpe_10bps": -2.2662089736824336,
  "MaxDD_0bps": 0.4055483669548514,
  "MaxDD_10bps": 0.4055483669548514,
  "Turnover": 0
}