{
  "RMSE": 2.153180417905769,
  "MAE": 1.6360204467299353,
  "U2": 1.0111310020157018,
  "DA_epsilon": 0.5073529411764706,
  "Coverage": 0.9794520547945206,
  "n": 146,
  "Sharpe_0bps": 0.03844643889479145,
  "Sharpe_10bps": -0.002184944660196779,
  "MaxDD_0bps": 0.10025304155534909,
  "MaxDD_10bps": 0.11523688766980034,
  "Turnover": 56,
  "model_id": "ARIMA",
  "ticker": "AAPL"
}