{
  "RMSE": 8.287492487368056,
  "MAE": 7.274749024273598,
  "U2": 2.763298528798175,
  "DA_epsilon": 0.4748201438848921,
  "Coverage": 0.952054794520548,
  "n": 146,
  "n_da": 139,
  "Sharpe_0bps": -1.071170166647444,
  "Sharpe_10bps": -1.196247964649658,
  "MaxDD_0bps": 0.4371585948793082,
  "MaxDD_10bps": 0.4452024612190797,
  "Turnover": 16
}