{
  "RMSE": 6.261521191599251,
  "MAE": 5.132923439757465,
  "U2": 2.502764868856724,
  "DA_epsilon": 0.5037593984962406,
  "Coverage": 0.910958904109589,
  "n": 146,
  "n_da": 133,
  "Sharpe_0bps": 1.5052858233707451,
  "Sharpe_10bps": 1.277639232829158,
  "MaxDD_0bps": 0.13027270936458746,
  "MaxDD_10bps": 0.13159881901695025,
  "Turnover": 20
}