{
  "Ticker": "AMZN",
  "RMSE": 72.62638854980469,
  "MAE": 60.02505111694336,
  "U2": 16.03401069013309,
  "DA_epsilon": 0.4244604316546763,
  "Coverage": 0.952054794520548,
  "n": 146,
  "n_da": 139,
  "Sharpe_0bps": -3.732083810239214,
  "Sharpe_10bps": -3.732083810239214,
  "MaxDD_0bps": 0.7274142941828687,
  "MaxDD_10bps": 0.7274142941828687,
  "Turnover": 0
}