{
  "Ticker": "MSFT",
  "RMSE": 182.4997100830078,
  "MAE": 155.4796600341797,
  "U2": 25.73249959598145,
  "DA_epsilon": 0.41605839416058393,
  "Coverage": 0.9383561643835616,
  "n": 146,
  "n_da": 137,
  "Sharpe_0bps": -2.4899475752703317,
  "Sharpe_10bps": -2.4899475752703317,
  "MaxDD_0bps": 0.42222600277178646,
  "MaxDD_10bps": 0.42222600277178646,
  "Turnover": 0
}