{
  "RMSE": 3.3174289405098385,
  "MAE": 2.1484235608659374,
  "U2": 1.3214459249486912,
  "DA_epsilon": 0.1417910447761194,
  "epsilon": 0.001,
  "Coverage": 0.958904109589041,
  "Coverage_95": 0.958904109589041,
  "Coverage_80": 0.8972602739726028,
  "PICP_95": 0.958904109589041,
  "MPIW_95": 13.014523772779164,
  "MPIW_80": 8.509739692863043,
  "n": 146,
  "Turnover": 35,
  "Sharpe_0bps": -2.5550099380704743,
  "Sharpe_10bps": -3.0768907053185655,
  "MaxDD_0bps": 0.17082826139274476,
  "MaxDD_10bps": 0.19469291875493977
}