{
  "RMSE": 4.666241478225138,
  "MAE": 3.6625961205162363,
  "U2": 1.0027383546616204,
  "DA_epsilon": 0.5815602836879432,
  "Coverage": 0.958904109589041,
  "n": 146,
  "Sharpe_0bps": -0.05049782389304063,
  "Sharpe_10bps": -0.0850125211042082,
  "MaxDD_0bps": 0.25229442372113187,
  "MaxDD_10bps": 0.29527749613685494,
  "Turnover": 65,
  "model_id": "ARIMA",
  "ticker": "MSFT"
}