{
  "RMSE": 2.521402104537855,
  "MAE": 1.8746847281462113,
  "U2": 1.0051202846016993,
  "DA_epsilon": 0.4626865671641791,
  "Coverage": 0.9178082191780822,
  "n": 146,
  "Sharpe_0bps": -0.7388984912871777,
  "MaxDD_0bps": 0.16613799009800845,
  "Sharpe_10bps": -0.8021187551856628,
  "MaxDD_10bps": 0.1728014894993034,
  "best_epoch": 2
}